Kinder Schokolade ,3
Artikel,Preis
Smarties,1
Smarties,1
Artikel,Preis
Kakao Milch,3
Espresso,16
Kakao Milch,3
Kandis,9
Ofenkäse,4
Kekse,1
Sun Rice,1
Kekse,1
Kekse,1
Smarties,1
Smarties,1
Kinder Schokolade ,3
Kakao Milch,3
Kakao Milch,3
Smarties,1
IPhone,1000
iPhone Pro Max,1500
iPhone Pro Max,1500
iPhone Pro Max,1500
IPhone,1000
IPhone,1000
iPhone Pro Max,1500
IPhone,1000
iPhone Pro Max,1500
IPhone,1000
IPhone,1000
iPhone Pro Max,1500
iPhone Pro Max,1500
iPhone Pro Max,1500
iPhone Pro Max,1500
iPhone Pro Max,1500
iPhone Pro Max,1500
iPhone Pro Max,1500
iPhone Pro Max,1500
iPhone Pro Max,1500
iPhone Pro Max,1500
iPhone Pro Max,1500
iPhone Pro Max,1500
iPhone Pro Max,1500
iPhone Pro Max,1500
iPhone Pro Max,1500
iPhone Pro Max,1500
iPhone Pro Max,1500
iPhone Pro Max,1500
Persil,24.99
Ofenkäse,4.49
Mini Eis,5.59
Mini Eis,5.59
Tempo,1
Tempo,1
Taschenlampe,0.62
Costa Tintenfischringe,5.99
Melitta Auslese Klassisch,5
Tchibo Caffe Crema,9.99
Stocki,1.1
undefined,NaN
Vollkorn Zwieback,1.89
Toast,0.62
Stocki,1.1
Tchibo Caffe Crema,9.99
Tempo,1
Tempo,1
IPhone,1000
iPhone Pro Max,1500
iPhone Pro Max,1500
iPhone Pro Max,1500
iPhone Pro Max,1500
Kekse,1.11
Mehl,17.9
Glühbirne,2.5
Glühbirne,2.5
Glühbirne,2.5
Butter,1
hohes C,1.89
Vollkorn Zwieback,1.89
Kekse,2
Ricola,1.29
Sun Rice,1
Batterie,0.8913
IPhone,1000
iPhone Pro Max,1500
Taschenlampe,0.5
Smarties,1.59
Smarties,1.59
Mehl,17.9
Milch,1.25
Kakao Milch,3
hohes C,1.89
Persil,12
Glühbirne,2.5
Kandis,9
Mini Eis,5.59
ARIEL,6.75
Somat,14
Taschenlampe,0.5
Kakao Milch,3
Torino,2.49
Sun Rice,1
Tempo,1
Persil,12
Sun Rice,1
Torino,2.49
Tempo,1
Persil,12
Sun Rice,1
Sun Rice,1
Sun Rice,1
Sun Rice,1
Sun Rice,1
Sun Rice,1
Sun Rice,1
Sun Rice,1
Sun Rice,1
Sun Rice,1
Sun Rice,1
Sun Rice,1
Salz,11
Salz,11
Salz,11
Salz,11
Sun Rice,1
Sun Rice,1
Sun Rice,1
Sun Rice,1
Sun Rice,1
